{"name":"Edinburgh East","ons_code":"S14000022","mp":null,"signature_count":271},
{"name":"Edinburgh North and Leith","ons_code":"S14000023","mp":null,"signature_count":333},
{"name":"Edinburgh South","ons_code":"S14000024","mp":null,"signature_count":254},
{"name":"Edinburgh South West","ons_code":"S14000025","mp":null,"signature_count":340},
{"name":"Edinburgh West","ons_code":"S14000026","mp":null,"signature_count":364},
{"name":"Banff and Buchan","ons_code":"S14000007","mp":null,"signature_count":741},
{"name":"Falkirk","ons_code":"S14000028","mp":null,"signature_count":508},
{"name":"Glasgow Central","ons_code":"S14000029","mp":null,"signature_count":230},
{"name":"Glasgow East","ons_code":"S14000030","mp":null,"signature_count":278},
{"name":"Glasgow North","ons_code":"S14000031","mp":null,"signature_count":179},
{"name":"Glasgow North East","ons_code":"S14000032","mp":null,"signature_count":229},
{"name":"Glasgow North West","ons_code":"S14000033","mp":null,"signature_count":245},
{"name":"Glasgow South","ons_code":"S14000034","mp":null,"signature_count":230},
{"name":"Glasgow South West","ons_code":"S14000035","mp":null,"signature_count":249},
{"name":"Glenrothes","ons_code":"S14000036","mp":null,"signature_count":347},{"name":"Gordon","ons_code":"S14000037","mp":null,"signature_count":581},{"name":"Aberdeen North","ons_code":"S14000001","mp":null,"signature_count":330},{"name":"Inverclyde","ons_code":"S14000038","mp":null,"signature_count":298},{"name":"Inverness, Nairn, Badenoch and Strathspey","ons_code":"S14000039","mp":null,"signature_count":564},{"name":"Kilmarnock and Loudoun","ons_code":"S14000040","mp":null,"signature_count":370},{"name":"Kirkcaldy and Cowdenbeath","ons_code":"S14000041","mp":null,"signature_count":436},{"name":"Lanark and Hamilton East","ons_code":"S14000042","mp":null,"signature_count":414},{"name":"Linlithgow and East Falkirk","ons_code":"S14000043","mp":null,"signature_count":500},{"name":"Livingston","ons_code":"S14000044","mp":null,"signature_count":512},{"name":"Midlothian","ons_code":"S14000045","mp":null,"signature_count":318},{"name":"Aberdeen South","ons_code":"S14000002","mp":null,"signature_count":422},{"name":"Moray","ons_code":"S14000046","mp":null,"signature_count":682},{"name":"Motherwell and Wishaw","ons_code":"S14000047","mp":null,"signature_count":342},{"name":"Na h-Eileanan an Iar","ons_code":"S14000027","mp":null,"signature_count":186},{"name":"North Ayrshire and Arran","ons_code":"S14000048","mp":null,"signature_count":434},{"name":"North East Fife","ons_code":"S14000049","mp":null,"signature_count":464},{"name":"Berwickshire, Roxburgh and Selkirk","ons_code":"S14000008","mp":null,"signature_count":633},{"name":"Ochil and South Perthshire","ons_code":"S14000050","mp":null,"signature_count":511},{"name":"Orkney and Shetland","ons_code":"S14000051","mp":null,"signature_count":360},{"name":"Paisley and Renfrewshire North","ons_code":"S14000052","mp":null,"signature_count":356},{"name":"Paisley and Renfrewshire South","ons_code":"S14000053","mp":null,"signature_count":325},{"name":"Perth and North Perthshire","ons_code":"S14000054","mp":null,"signature_count":488},{"name":"Ross, Skye and Lochaber","ons_code":"S14000055","mp":null,"signature_count":438},{"name":"Rutherglen and Hamilton West","ons_code":"S14000056","mp":null,"signature_count":367},{"name":"Stirling","ons_code":"S14000057","mp":null,"signature_count":355},{"name":"West Aberdeenshire and Kincardine","ons_code":"S14000058","mp":null,"signature_count":516},{"name":"West Dunbartonshire","ons_code":"S14000059","mp":null,"signature_count":297},{"name":"Aberavon","ons_code":"W07000049","mp":null,"signature_count":615},{"name":"Aberconwy","ons_code":"W07000058","mp":null,"signature_count":649},{"name":"Aldershot","ons_code":"E14000530","mp":null,"signature_count":1151},{"name":"Aldridge-Brownhills","ons_code":"E14000531","mp":null,"signature_count":919},{"name":"Altrincham and Sale West","ons_code":"E14000532","mp":null,"signature_count":766},{"name":"Alyn and Deeside","ons_code":"W07000043","mp":null,"signature_count":819},{"name":"Amber Valley","ons_code":"E14000533","mp":null,"signature_count":1098},{"name":"Arfon","ons_code":"W07000057","mp":null,"signature_count":329},{"name":"Arundel and South Downs","ons_code":"E14000534","mp":null,"signature_count":1273},{"name":"Ashfield","ons_code":"E14000535","mp":null,"signature_count":1367},{"name":"Ashford","ons_code":"E14000536","mp":null,"signature_count":1553},{"name":"Ashton-under-Lyne","ons_code":"E14000537","mp":null,"signature_count":926},{"name":"Aylesbury","ons_code":"E14000538","mp":null,"signature_count":1102},{"name":"Banbury","ons_code":"E14000539","mp":null,"signature_count":1302},{"name":"Barking","ons_code":"E14000540","mp":null,"signature_count":671},{"name":"Barnsley Central","ons_code":"E14000541","mp":null,"signature_count":1023},{"name":"Barnsley East","ons_code":"E14000542","mp":null,"signature_count":1178},{"name":"Barrow and Furness","ons_code":"E14000543","mp":null,"signature_count":971},{"name":"Basildon and Billericay","ons_code":"E14000544","mp":null,"signature_count":1217},{"name":"Basingstoke","ons_code":"E14000545","mp":null,"signature_count":1147},{"name":"Bassetlaw","ons_code":"E14000546","mp":null,"signature_count":1492},{"name":"Bath","ons_code":"E14000547","mp":null,"signature_count":553},{"name":"Batley and Spen","ons_code":"E14000548","mp":null,"signature_count":1070},{"name":"Battersea","ons_code":"E14000549","mp":null,"signature_count":528},{"name":"Beaconsfield","ons_code":"E14000550","mp":null,"signature_count":978},{"name":"Beckenham","ons_code":"E14000551","mp":null,"signature_count":829},{"name":"Bedford","ons_code":"E14000552","mp":null,"signature_count":672},{"name":"Belfast East","ons_code":"N06000001","mp":null,"signature_count":628},{"name":"Belfast North","ons_code":"N06000002","mp":null,"signature_count":494},{"name":"Belfast South","ons_code":"N06000003","mp":null,"signature_count":362},{"name":"Belfast West","ons_code":"N06000004","mp":null,"signature_count":190},{"name":"Bermondsey and Old Southwark","ons_code":"E14000553","mp":null,"signature_count":650},{"name":"Berwick-upon-Tweed","ons_code":"E14000554","mp":null,"signature_count":1056},{"name":"Bethnal Green and Bow","ons_code":"E14000555","mp":null,"signature_count":404},{"name":"Beverley and Holderness","ons_code":"E14000556","mp":null,"signature_count":1471},{"name":"Bexhill and Battle","ons_code":"E14000557","mp":null,"signature_count":1545},{"name":"Bexleyheath and Crayford","ons_code":"E14000558","mp":null,"signature_count":1106},{"name":"Birkenhead","ons_code":"E14000559","mp":null,"signature_count":781},{"name":"Birmingham, Edgbaston","ons_code":"E14000560","mp":null,"signature_count":564},{"name":"Birmingham, Erdington","ons_code":"E14000561","mp":null,"signature_count":756},{"name":"Birmingham, Hall Green","ons_code":"E14000562","mp":null,"signature_count":315},{"name":"Birmingham, Hodge Hill","ons_code":"E14000563","mp":null,"signature_count":458},{"name":"Birmingham, Ladywood","ons_code":"E14000564","mp":null,"signature_count":275},{"name":"Birmingham, Northfield","ons_code":"E14000565","mp":null,"signature_count":968},{"name":"Birmingham, Perry Barr","ons_code":"E14000566","mp":null,"signature_count":430},{"name":"Birmingham, Selly Oak","ons_code":"E14000567","mp":null,"signature_count":659},{"name":"Birmingham, Yardley","ons_code":"E14000568","mp":null,"signature_count":699},{"name":"Bishop Auckland","ons_code":"E14000569","mp":null,"signature_count":1026},{"name":"Blackburn","ons_code":"E14000570","mp":null,"signature_count":783},{"name":"Blackley and Broughton","ons_code":"E14000571","mp":null,"signature_count":609},{"name":"Blackpool North and Cleveleys","ons_code":"E14000572","mp":null,"signature_count":1173},{"name":"Blackpool South","ons_code":"E14000573","mp":null,"signature_count":1057},{"name":"Blaenau Gwent","ons_code":"W07000072","mp":null,"signature_count":585},{"name":"Blaydon","ons_code":"E14000574","mp":null,"signature_count":1020},{"name":"Blyth Valley","ons_code":"E14000575","mp":null,"signature_count":1061},{"name":"Bognor Regis and Littlehampton","ons_code":"E14000576","mp":null,"signature_count":1403},{"name":"Bolsover","ons_code":"E14000577","mp":null,"signature_count":1234},{"name":"Bolton North East","ons_code":"E14000578","mp":null,"signature_count":942},{"name":"Bolton South East","ons_code":"E14000579","mp":null,"signature_count":859},{"name":"Bolton West","ons_code":"E14000580","mp":null,"signature_count":1146},{"name":"Bootle","ons_code":"E14000581","mp":null,"signature_count":606},{"name":"Boston and Skegness","ons_code":"E14000582","mp":null,"signature_count":1697},{"name":"Bosworth","ons_code":"E14000583","mp":null,"signature_count":1395},{"name":"Bournemouth East","ons_code":"E14000584","mp":null,"signature_count":1111},{"name":"Bournemouth West","ons_code":"E14000585","mp":null,"signature_count":1146},{"name":"Bracknell","ons_code":"E14000586","mp":null,"signature_count":1197},{"name":"Bradford East","ons_code":"E14000587","mp":null,"signature_count":732},{"name":"Bradford South","ons_code":"E14000588","mp":null,"signature_count":995},{"name":"Bradford West","ons_code":"E14000589","mp":null,"signature_count":418},{"name":"Braintree","ons_code":"E14000590","mp":null,"signature_count":1338},{"name":"Brecon and Radnorshire","ons_code":"W07000068","mp":null,"signature_count":782},{"name":"Brent Central","ons_code":"E14000591","mp":null,"signature_count":262},{"name":"Brent North","ons_code":"E14000592","mp":null,"signature_count":270},{"name":"Brentford and Isleworth","ons_code":"E14000593","mp":null,"signature_count":603},{"name":"Brentwood and Ongar","ons_code":"E14000594","mp":null,"signature_count":1370},{"name":"Bridgend","ons_code":"W07000073","mp":null,"signature_count":714},{"name":"Bridgwater and West Somerset","ons_code":"E14000595","mp":null,"signature_count":1441},{"name":"Brigg and Goole","ons_code":"E14000596","mp":null,"signature_count":1376},{"name":"Brighton, Kemptown","ons_code":"E14000597","mp":null,"signature_count":782},{"name":"Brighton, Pavilion","ons_code":"E14000598","mp":null,"signature_count":588},{"name":"Bristol East","ons_code":"E14000599","mp":null,"signature_count":766},{"name":"Bristol North West","ons_code":"E14000600","mp":null,"signature_count":743},{"name":"Bristol South","ons_code":"E14000601","mp":null,"signature_count":868},{"name":"Bristol West","ons_code":"E14000602","mp":null,"signature_count":463},{"name":"Broadland","ons_code":"E14000603","mp":null,"signature_count":1110},{"name":"Bromley and Chislehurst","ons_code":"E14000604","mp":null,"signature_count":925},{"name":"Bromsgrove","ons_code":"E14000605","mp":null,"signature_count":1092},{"name":"Broxbourne","ons_code":"E14000606","mp":null,"signature_count":1040},{"name":"Broxtowe","ons_code":"E14000607","mp":null,"signature_count":973},{"name":"Buckingham","ons_code":"E14000608","mp":null,"signature_count":1192},{"name":"Burnley","ons_code":"E14000609","mp":null,"signature_count":1117},{"name":"Burton","ons_code":"E14000610","mp":null,"signature_count":1023},{"name":"Bury North","ons_code":"E14000611","mp":null,"signature_count":972},{"name":"Bury South","ons_code":"E14000612","mp":null,"signature_count":926},{"name":"Bury St Edmunds","ons_code":"E14000613","mp":null,"signature_count":1286},{"name":"Caerphilly","ons_code":"W07000076","mp":null,"signature_count":766},{"name":"Calder Valley","ons_code":"E14000614","mp":null,"signature_count":1296},{"name":"Camberwell and Peckham","ons_code":"E14000615","mp":null,"signature_count":320},{"name":"Camborne and Redruth","ons_code":"E14000616","mp":null,"signature_count":1059},{"name":"Cambridge","ons_code":"E14000617","mp":null,"signature_count":522},{"name":"Cannock Chase","ons_code":"E14000618","mp":null,"signature_count":1307},{"name":"Canterbury","ons_code":"E14000619","mp":null,"signature_count":1038},{"name":"Cardiff Central","ons_code":"W07000050","mp":null,"signature_count":367},{"name":"Cardiff North","ons_code":"W07000051","mp":null,"signature_count":566},{"name":"Cardiff South and Penarth","ons_code":"W07000080","mp":null,"signature_count":799},{"name":"Cardiff West","ons_code":"W07000079","mp":null,"signature_count":527},{"name":"Carlisle","ons_code":"E14000620","mp":null,"signature_count":1062},{"name":"Carmarthen East and Dinefwr","ons_code":"W07000067","mp":null,"signature_count":828},{"name":"Carmarthen West and South Pembrokeshire","ons_code":"W07000066","mp":null,"signature_count":919},{"name":"Carshalton and Wallington","ons_code":"E14000621","mp":null,"signature_count":890},{"name":"Castle Point","ons_code":"E14000622","mp":null,"signature_count":1459},{"name":"Central Devon","ons_code":"E14000623","mp":null,"signature_count":1235},{"name":"Central Suffolk and North Ipswich","ons_code":"E14000624","mp":null,"signature_count":1215},{"name":"Ceredigion","ons_code":"W07000064","mp":null,"signature_count":729},{"name":"Charnwood","ons_code":"E14000625","mp":null,"signature_count":1009},{"name":"Chatham and Aylesford","ons_code":"E14000626","mp":null,"signature_count":1254},{"name":"Cheadle","ons_code":"E14000627","mp":null,"signature_count":779},{"name":"Chelmsford","ons_code":"E14000628","mp":null,"signature_count":1183},{"name":"Chelsea and Fulham","ons_code":"E14000629","mp":null,"signature_count":747},{"name":"Cheltenham","ons_code":"E14000630","mp":null,"signature_count":948},{"name":"Chesham and Amersham","ons_code":"E14000631","mp":null,"signature_count":953},{"name":"Chesterfield","ons_code":"E14000632","mp":null,"signature_count":974},{"name":"Chichester","ons_code":"E14000633","mp":null,"signature_count":1381},{"name":"Chingford and Woodford Green","ons_code":"E14000634","mp":null,"signature_count":723},{"name":"Chippenham","ons_code":"E14000635","mp":null,"signature_count":1060},{"name":"Chipping Barnet","ons_code":"E14000636","mp":null,"signature_count":560},{"name":"Chorley","ons_code":"E14000637","mp":null,"signature_count":1232},{"name":"Christchurch","ons_code":"E14000638","mp":null,"signature_count":1185},{"name":"Cities of London and Westminster","ons_code":"E14000639","mp":null,"signature_count":865},{"name":"City of Chester","ons_code":"E14000640","mp":null,"signature_count":792},{"name":"City of Durham","ons_code":"E14000641","mp":null,"signature_count":848},{"name":"Clacton","ons_code":"E14000642","mp":null,"signature_count":1401},{"name":"Cleethorpes","ons_code":"E14000643","mp":null,"signature_count":1441},{"name":"Clwyd South","ons_code":"W07000062","mp":null,"signature_count":676},{"name":"Clwyd West","ons_code":"W07000059","mp":null,"signature_count":808},{"name":"Colchester","ons_code":"E14000644","mp":null,"signature_count":1127},{"name":"Colne Valley","ons_code":"E14000645","mp":null,"signature_count":1145},{"name":"Congleton","ons_code":"E14000646","mp":null,"signature_count":1186},{"name":"Copeland","ons_code":"E14000647","mp":null,"signature_count":1028},{"name":"Corby","ons_code":"E14000648","mp":null,"signature_count":1463},{"name":"Coventry North East","ons_code":"E14000649","mp":null,"signature_count":782},{"name":"Coventry North West","ons_code":"E14000650","mp":null,"signature_count":950},{"name":"Coventry South","ons_code":"E14000651","mp":null,"signature_count":724},{"name":"Crawley","ons_code":"E14000652","mp":null,"signature_count":1022},{"name":"Crewe and Nantwich","ons_code":"E14000653","mp":null,"signature_count":1199},{"name":"Croydon Central","ons_code":"E14000654","mp":null,"signature_count":768},{"name":"Croydon North","ons_code":"E14000655","mp":null,"signature_count":381},{"name":"Croydon South","ons_code":"E14000656","mp":null,"signature_count":985},{"name":"Cynon Valley","ons_code":"W07000070","mp":null,"signature_count":664},{"name":"Dagenham and Rainham","ons_code":"E14000657","mp":null,"signature_count":1083},{"name":"Darlington","ons_code":"E14000658","mp":null,"signature_count":985},{"name":"Dartford","ons_code":"E14000659","mp":null,"signature_count":1327},{"name":"Daventry","ons_code":"E14000660","mp":null,"signature_count":1376},{"name":"Delyn","ons_code":"W07000042","mp":null,"signature_count":786},{"name":"Denton and Reddish","ons_code":"E14000661","mp":null,"signature_count":872},{"name":"Derby North","ons_code":"E14000662","mp":null,"signature_count":930},{"name":"Derby South","ons_code":"E14000663","mp":null,"signature_count":795},{"name":"Derbyshire Dales","ons_code":"E14000664","mp":null,"signature_count":897},{"name":"Devizes","ons_code":"E14000665","mp":null,"signature_count":1321},{"name":"Dewsbury","ons_code":"E14000666","mp":null,"signature_count":1145},{"name":"Don Valley","ons_code":"E14000667","mp":null,"signature_count":1193},{"name":"Doncaster Central","ons_code":"E14000668","mp":null,"signature_count":1186},{"name":"Doncaster North","ons_code":"E14000669","mp":null,"signature_count":1248},{"name":"Dover","ons_code":"E14000670","mp":null,"signature_count":1613},{"name":"Dudley North","ons_code":"E14000671","mp":null,"signature_count":825},{"name":"Dudley South","ons_code":"E14000672","mp":null,"signature_count":898},{"name":"Dulwich and West Norwood","ons_code":"E14000673","mp":null,"signature_count":320},{"name":"Dwyfor Meirionnydd","ons_code":"W07000061","mp":null,"signature_count":545},{"name":"Ealing Central and Acton","ons_code":"E14000674","mp":null,"signature_count":519},{"name":"Ealing North","ons_code":"E14000675","mp":null,"signature_count":395},{"name":"Ealing, Southall","ons_code":"E14000676","mp":null,"signature_count":221},{"name":"Easington","ons_code":"E14000677","mp":null,"signature_count":1017},{"name":"East Antrim","ons_code":"N06000005","mp":null,"signature_count":751},{"name":"East Devon","ons_code":"E14000678","mp":null,"signature_count":1415},{"name":"East Ham","ons_code":"E14000679","mp":null,"signature_count":322},{"name":"East Hampshire","ons_code":"E14000680","mp":null,"signature_count":1112},{"name":"East Londonderry","ons_code":"N06000006","mp":null,"signature_count":420},{"name":"East Surrey","ons_code":"E14000681","mp":null,"signature_count":1391},{"name":"East Worthing and Shoreham","ons_code":"E14000682","mp":null,"signature_count":1027},{"name":"East Yorkshire","ons_code":"E14000683","mp":null,"signature_count":1553},{"name":"Eastbourne","ons_code":"E14000684","mp":null,"signature_count":1343},{"name":"Eastleigh","ons_code":"E14000685","mp":null,"signature_count":1138},{"name":"Eddisbury","ons_code":"E14000686","mp":null,"signature_count":993},{"name":"Edmonton","ons_code":"E14000687","mp":null,"signature_count":262},{"name":"Ellesmere Port and Neston","ons_code":"E14000688","mp":null,"signature_count":909},{"name":"Elmet and Rothwell","ons_code":"E14000689","mp":null,"signature_count":1088},{"name":"Eltham","ons_code":"E14000690","mp":null,"signature_count":830},{"name":"Enfield North","ons_code":"E14000691","mp":null,"signature_count":527},{"name":"Enfield, Southgate","ons_code":"E14000692","mp":null,"signature_count":452},{"name":"Epping Forest","ons_code":"E14000693","mp":null,"signature_count":1117},{"name":"Epsom and Ewell","ons_code":"E14000694","mp":null,"signature_count":1043},{"name":"Erewash","ons_code":"E14000695","mp":null,"signature_count":1129},{"name":"Erith and Thamesmead","ons_code":"E14000696","mp":null,"signature_count":869},{"name":"Esher and Walton","ons_code":"E14000697","mp":null,"signature_count":1047},{"name":"Exeter","ons_code":"E14000698","mp":null,"signature_count":889},{"name":"Fareham","ons_code":"E14000699","mp":null,"signature_count":1362},{"name":"Faversham and Mid Kent","ons_code":"E14000700","mp":null,"signature_count":1139},{"name":"Feltham and Heston","ons_code":"E14000701","mp":null,"signature_count":672},{"name":"Fermanagh and South Tyrone","ons_code":"N06000007","mp":null,"signature_count":322},{"name":"Filton and Bradley Stoke","ons_code":"E14000702","mp":null,"signature_count":849},{"name":"Finchley and Golders Green","ons_code":"E14000703","mp":null,"signature_count":454},{"name":"Folkestone and Hythe","ons_code":"E14000704","mp":null,"signature_count":1819},{"name":"Forest of Dean","ons_code":"E14000705","mp":null,"signature_count":1023},{"name":"Foyle","ons_code":"N06000008","mp":null,"signature_count":177},{"name":"Fylde","ons_code":"E14000706","mp":null,"signature_count":1161},{"name":"Gainsborough","ons_code":"E14000707","mp":null,"signature_count":1473},{"name":"Garston and Halewood","ons_code":"E14000708","mp":null,"signature_count":701},{"name":"Gateshead","ons_code":"E14000709","mp":null,"signature_count":896},{"name":"Gedling","ons_code":"E14000710","mp":null,"signature_count":935},{"name":"Gillingham and Rainham","ons_code":"E14000711","mp":null,"signature_count":1247},{"name":"Gloucester","ons_code":"E14000712","mp":null,"signature_count":1172},{"name":"Gosport","ons_code":"E14000713","mp":null,"signature_count":1623},{"name":"Gower","ons_code":"W07000046","mp":null,"signature_count":629},{"name":"Grantham and Stamford","ons_code":"E14000714","mp":null,"signature_count":1678},{"name":"Gravesham","ons_code":"E14000715","mp":null,"signature_count":1294},{"name":"Great Grimsby","ons_code":"E14000716","mp":null,"signature_count":1166},{"name":"Great Yarmouth","ons_code":"E14000717","mp":null,"signature_count":1481},{"name":"Greenwich and Woolwich","ons_code":"E14000718","mp":null,"signature_count":584},{"name":"Guildford","ons_code":"E14000719","mp":null,"signature_count":857},{"name":"Hackney North and Stoke Newington","ons_code":"E14000720","mp":null,"signature_count":247},{"name":"Hackney South and Shoreditch","ons_code":"E14000721","mp":null,"signature_count":295},{"name":"Halesowen and Rowley Regis","ons_code":"E14000722","mp":null,"signature_count":936},{"name":"Halifax","ons_code":"E14000723","mp":null,"signature_count":1039},{"name":"Haltemprice and Howden","ons_code":"E14000724","mp":null,"signature_count":1121},{"name":"Halton","ons_code":"E14000725","mp":null,"signature_count":911},{"name":"Hammersmith","ons_code":"E14000726","mp":null,"signature_count":524},{"name":"Hampstead and Kilburn","ons_code":"E14000727","mp":null,"signature_count":381},{"name":"Harborough","ons_code":"E14000728","mp":null,"signature_count":924},{"name":"Harlow","ons_code":"E14000729","mp":null,"signature_count":1154},{"name":"Harrogate and Knaresborough","ons_code":"E14000730","mp":null,"signature_count":947},{"name":"Harrow East","ons_code":"E14000731","mp":null,"signature_count":372},{"name":"Harrow West","ons_code":"E14000732","mp":null,"signature_count":339},{"name":"Hartlepool","ons_code":"E14000733","mp":null,"signature_count":1203},{"name":"Harwich and North Essex","ons_code":"E14000734","mp":null,"signature_count":1297},{"name":"Hastings and Rye","ons_code":"E14000735","mp":null,"signature_count":1305},{"name":"Havant","ons_code":"E14000736","mp":null,"signature_count":1305},{"name":"Hayes and Harlington","ons_code":"E14000737","mp":null,"signature_count":599},{"name":"Hazel Grove","ons_code":"E14000738","mp":null,"signature_count":882},{"name":"Hemel Hempstead","ons_code":"E14000739","mp":null,"signature_count":1195},{"name":"Hemsworth","ons_code":"E14000740","mp":null,"signature_count":1160},{"name":"Hendon","ons_code":"E14000741","mp":null,"signature_count":501},{"name":"Henley","ons_code":"E14000742","mp":null,"signature_count":975},{"name":"Hereford and South Herefordshire","ons_code":"E14000743","mp":null,"signature_count":1200},{"name":"Hertford and Stortford","ons_code":"E14000744","mp":null,"signature_count":1102},{"name":"Hertsmere","ons_code":"E14000745","mp":null,"signature_count":833},{"name":"Hexham","ons_code":"E14000746","mp":null,"signature_count":873},{"name":"Heywood and Middleton","ons_code":"E14000747","mp":null,"signature_count":1229},{"name":"High Peak","ons_code":"E14000748","mp":null,"signature_count":980},{"name":"Hitchin and Harpenden","ons_code":"E14000749","mp":null,"signature_count":800},{"name":"Holborn and St Pancras","ons_code":"E14000750","mp":null,"signature_count":572},{"name":"Hornchurch and Upminster","ons_code":"E14000751","mp":null,"signature_count":1503},{"name":"Hornsey and Wood Green","ons_code":"E14000752","mp":null,"signature_count":376},{"name":"Horsham","ons_code":"E14000753","mp":null,"signature_count":1243},{"name":"Houghton and Sunderland South","ons_code":"E14000754","mp":null,"signature_count":1093},{"name":"Hove","ons_code":"E14000755","mp":null,"signature_count":691},{"name":"Huddersfield","ons_code":"E14000756","mp":null,"signature_count":725},{"name":"Huntingdon","ons_code":"E14000757","mp":null,"signature_count":1272},{"name":"Hyndburn","ons_code":"E14000758","mp":null,"signature_count":1140},{"name":"Ilford North","ons_code":"E14000759","mp":null,"signature_count":522},{"name":"Ilford South","ons_code":"E14000760","mp":null,"signature_count":249},{"name":"Ipswich","ons_code":"E14000761","mp":null,"signature_count":1041},{"name":"Isle of Wight","ons_code":"E14000762","mp":null,"signature_count":1932},{"name":"Islington North","ons_code":"E14000763","mp":null,"signature_count":327},{"name":"Islington South and Finsbury","ons_code":"E14000764","mp":null,"signature_count":510},{"name":"Islwyn","ons_code":"W07000077","mp":null,"signature_count":701},{"name":"Jarrow","ons_code":"E14000765","mp":null,"signature_count":971},{"name":"Keighley","ons_code":"E14000766","mp":null,"signature_count":1135},{"name":"Kenilworth and Southam","ons_code":"E14000767","mp":null,"signature_count":902},{"name":"Kensington","ons_code":"E14000768","mp":null,"signature_count":552},{"name":"Kettering","ons_code":"E14000769","mp":null,"signature_count":1287},{"name":"Kingston and Surbiton","ons_code":"E14000770","mp":null,"signature_count":745},{"name":"Kingston upon Hull East","ons_code":"E14000771","mp":null,"signature_count":993},{"name":"Kingston upon Hull North","ons_code":"E14000772","mp":null,"signature_count":912},{"name":"Kingston upon Hull West and Hessle","ons_code":"E14000773","mp":null,"signature_count":924},{"name":"Kingswood","ons_code":"E14000774","mp":null,"signature_count":859},{"name":"Knowsley","ons_code":"E14000775","mp":null,"signature_count":718},{"name":"Lagan Valley","ons_code":"N06000009","mp":null,"signature_count":741},{"name":"Lancaster and Fleetwood","ons_code":"E14000776","mp":null,"signature_count":952},{"name":"Leeds Central","ons_code":"E14000777","mp":null,"signature_count":903},{"name":"Leeds East","ons_code":"E14000778","mp":null,"signature_count":793},{"name":"Leeds North East","ons_code":"E14000779","mp":null,"signature_count":483},{"name":"Leeds North West","ons_code":"E14000780","mp":null,"signature_count":637},{"name":"Leeds West","ons_code":"E14000781","mp":null,"signature_count":883},{"name":"Leicester East","ons_code":"E14000782","mp":null,"signature_count":330},{"name":"Leicester South","ons_code":"E14000783","mp":null,"signature_count":433},{"name":"Leicester West","ons_code":"E14000784","mp":null,"signature_count":654},{"name":"Leigh","ons_code":"E14000785","mp":null,"signature_count":1132},{"name":"Lewes","ons_code":"E14000786","mp":null,"signature_count":1029},{"name":"Lewisham East","ons_code":"E14000787","mp":null,"signature_count":467},{"name":"Lewisham West and Penge","ons_code":"E14000788","mp":null,"signature_count":500},{"name":"Lewisham, Deptford","ons_code":"E14000789","mp":null,"signature_count":334},{"name":"Leyton and Wanstead","ons_code":"E14000790","mp":null,"signature_count":335},{"name":"Lichfield","ons_code":"E14000791","mp":null,"signature_count":1185},{"name":"Lincoln","ons_code":"E14000792","mp":null,"signature_count":1151},{"name":"Liverpool, Riverside","ons_code":"E14000793","mp":null,"signature_count":432},{"name":"Liverpool, Walton","ons_code":"E14000794","mp":null,"signature_count":504},{"name":"Liverpool, Wavertree","ons_code":"E14000795","mp":null,"signature_count":456},{"name":"Liverpool, West Derby","ons_code":"E14000796","mp":null,"signature_count":564},{"name":"Llanelli","ons_code":"W07000045","mp":null,"signature_count":838},{"name":"Loughborough","ons_code":"E14000797","mp":null,"signature_count":925},{"name":"Louth and Horncastle","ons_code":"E14000798","mp":null,"signature_count":1836},{"name":"Ludlow","ons_code":"E14000799","mp":null,"signature_count":1084},{"name":"Luton North","ons_code":"E14000800","mp":null,"signature_count":526},{"name":"Luton South","ons_code":"E14000801","mp":null,"signature_count":549},{"name":"Macclesfield","ons_code":"E14000802","mp":null,"signature_count":999},{"name":"Maidenhead","ons_code":"E14000803","mp":null,"signature_count":955},{"name":"Maidstone and The Weald","ons_code":"E14000804","mp":null,"signature_count":1147},{"name":"Makerfield","ons_code":"E14000805","mp":null,"signature_count":1181},{"name":"Maldon","ons_code":"E14000806","mp":null,"signature_count":1470},{"name":"Manchester Central","ons_code":"E14000807","mp":null,"signature_count":616},{"name":"Manchester, Gorton","ons_code":"E14000808","mp":null,"signature_count":318},{"name":"Manchester, Withington","ons_code":"E14000809","mp":null,"signature_count":325},{"name":"Mansfield","ons_code":"E14000810","mp":null,"signature_count":1456},{"name":"Airdrie and Shotts","ons_code":"S14000003","mp":null,"signature_count":305},{"name":"Meon Valley","ons_code":"E14000811","mp":null,"signature_count":1268},{"name":"Meriden","ons_code":"E14000812","mp":null,"signature_count":1188},{"name":"Merthyr Tydfil and Rhymney","ons_code":"W07000071","mp":null,"signature_count":623},{"name":"Mid Bedfordshire","ons_code":"E14000813","mp":null,"signature_count":1182},{"name":"Mid Derbyshire","ons_code":"E14000814","mp":null,"signature_count":933},{"name":"Mid Dorset and North Poole","ons_code":"E14000815","mp":null,"signature_count":1091},{"name":"Mid Norfolk","ons_code":"E14000816","mp":null,"signature_count":1306},{"name":"Mid Sussex","ons_code":"E14000817","mp":null,"signature_count":1149},{"name":"Mid Ulster","ons_code":"N06000010","mp":null,"signature_count":219},{"name":"Mid Worcestershire","ons_code":"E14000818","mp":null,"signature_count":1245},{"name":"Middlesbrough","ons_code":"E14000819","mp":null,"signature_count":886},{"name":"Middlesbrough South and East Cleveland","ons_code":"E14000820","mp":null,"signature_count":1370},{"name":"Milton Keynes North","ons_code":"E14000821","mp":null,"signature_count":1193},{"name":"Milton Keynes South","ons_code":"E14000822","mp":null,"signature_count":1200},{"name":"Mitcham and Morden","ons_code":"E14000823","mp":null,"signature_count":474},{"name":"Mole Valley","ons_code":"E14000824","mp":null,"signature_count":1107},{"name":"Monmouth","ons_code":"W07000054","mp":null,"signature_count":830},{"name":"Montgomeryshire","ons_code":"W07000063","mp":null,"signature_count":748},{"name":"Morecambe and Lunesdale","ons_code":"E14000825","mp":null,"signature_count":1007},{"name":"Morley and Outwood","ons_code":"E14000826","mp":null,"signature_count":1295},{"name":"Neath","ons_code":"W07000069","mp":null,"signature_count":719},{"name":"New Forest East","ons_code":"E14000827","mp":null,"signature_count":1244},{"name":"New Forest West","ons_code":"E14000828","mp":null,"signature_count":1066},{"name":"Newark","ons_code":"E14000829","mp":null,"signature_count":1234},{"name":"Newbury","ons_code":"E14000830","mp":null,"signature_count":1188},{"name":"Newcastle upon Tyne Central","ons_code":"E14000831","mp":null,"signature_count":578},{"name":"Newcastle upon Tyne East","ons_code":"E14000832","mp":null,"signature_count":667},{"name":"Newcastle upon Tyne North","ons_code":"E14000833","mp":null,"signature_count":934},{"name":"Newcastle-under-Lyme","ons_code":"E14000834","mp":null,"signature_count":1044},{"name":"Newport East","ons_code":"W07000055","mp":null,"signature_count":769},{"name":"Newport West","ons_code":"W07000056","mp":null,"signature_count":669},{"name":"Newry and Armagh","ons_code":"N06000011","mp":null,"signature_count":309},{"name":"Newton Abbot","ons_code":"E14000835","mp":null,"signature_count":1266},{"name":"Normanton, Pontefract and Castleford","ons_code":"E14000836","mp":null,"signature_count":1513},{"name":"North Antrim","ons_code":"N06000012","mp":null,"signature_count":691},{"name":"North Cornwall","ons_code":"E14000837","mp":null,"signature_count":1261},{"name":"North Devon","ons_code":"E14000838","mp":null,"signature_count":1173},{"name":"North Dorset","ons_code":"E14000839","mp":null,"signature_count":1267},{"name":"North Down","ons_code":"N06000013","mp":null,"signature_count":701},{"name":"North Durham","ons_code":"E14000840","mp":null,"signature_count":949},{"name":"North East Bedfordshire","ons_code":"E14000841","mp":null,"signature_count":1296},{"name":"North East Cambridgeshire","ons_code":"E14000842","mp":null,"signature_count":1572},{"name":"North East Derbyshire","ons_code":"E14000843","mp":null,"signature_count":1113},{"name":"North East Hampshire","ons_code":"E14000844","mp":null,"signature_count":1141},{"name":"North East Hertfordshire","ons_code":"E14000845","mp":null,"signature_count":1050},{"name":"North East Somerset","ons_code":"E14000846","mp":null,"signature_count":937},{"name":"North Herefordshire","ons_code":"E14000847","mp":null,"signature_count":1119},{"name":"North Norfolk","ons_code":"E14000848","mp":null,"signature_count":1233},{"name":"North Shropshire","ons_code":"E14000849","mp":null,"signature_count":1386},{"name":"North Somerset","ons_code":"E14000850","mp":null,"signature_count":1023},{"name":"North Swindon","ons_code":"E14000851","mp":null,"signature_count":1181},{"name":"North Thanet","ons_code":"E14000852","mp":null,"signature_count":1368},{"name":"North Tyneside","ons_code":"E14000853","mp":null,"signature_count":1220},{"name":"North Warwickshire","ons_code":"E14000854","mp":null,"signature_count":1292},{"name":"North West Cambridgeshire","ons_code":"E14000855","mp":null,"signature_count":1637},{"name":"North West Durham","ons_code":"E14000856","mp":null,"signature_count":1193},{"name":"North West Hampshire","ons_code":"E14000857","mp":null,"signature_count":1355},{"name":"North West Leicestershire","ons_code":"E14000858","mp":null,"signature_count":1186},{"name":"North West Norfolk","ons_code":"E14000859","mp":null,"signature_count":1133},{"name":"North Wiltshire","ons_code":"E14000860","mp":null,"signature_count":1117},{"name":"Northampton North","ons_code":"E14000861","mp":null,"signature_count":857},{"name":"Northampton South","ons_code":"E14000862","mp":null,"signature_count":912},{"name":"Norwich North","ons_code":"E14000863","mp":null,"signature_count":818},{"name":"Norwich South","ons_code":"E14000864","mp":null,"signature_count":685},{"name":"Nottingham East","ons_code":"E14000865","mp":null,"signature_count":472},{"name":"Nottingham North","ons_code":"E14000866","mp":null,"signature_count":771},{"name":"Nottingham South","ons_code":"E14000867","mp":null,"signature_count":615},{"name":"Nuneaton","ons_code":"E14000868","mp":null,"signature_count":1107},{"name":"Ogmore","ons_code":"W07000074","mp":null,"signature_count":663},{"name":"Old Bexley and Sidcup","ons_code":"E14000869","mp":null,"signature_count":1146},{"name":"Oldham East and Saddleworth","ons_code":"E14000870","mp":null,"signature_count":975},{"name":"Oldham West and Royton","ons_code":"E14000871","mp":null,"signature_count":847},{"name":"Orpington","ons_code":"E14000872","mp":null,"signature_count":1164},{"name":"Oxford East","ons_code":"E14000873","mp":null,"signature_count":509},{"name":"Oxford West and Abingdon","ons_code":"E14000874","mp":null,"signature_count":757},{"name":"Pendle","ons_code":"E14000875","mp":null,"signature_count":1105},{"name":"Penistone and Stocksbridge","ons_code":"E14000876","mp":null,"signature_count":1195},{"name":"Penrith and The Border","ons_code":"E14000877","mp":null,"signature_count":1062},{"name":"Peterborough","ons_code":"E14000878","mp":null,"signature_count":1095},{"name":"Plymouth, Moor View","ons_code":"E14000879","mp":null,"signature_count":1426},{"name":"Plymouth, Sutton and Devonport","ons_code":"E14000880","mp":null,"signature_count":1247},{"name":"Pontypridd","ons_code":"W07000075","mp":null,"signature_count":638},{"name":"Poole","ons_code":"E14000881","mp":null,"signature_count":1228},{"name":"Poplar and Limehouse","ons_code":"E14000882","mp":null,"signature_count":553},{"name":"Portsmouth North","ons_code":"E14000883","mp":null,"signature_count":1349},{"name":"Portsmouth South","ons_code":"E14000884","mp":null,"signature_count":954},{"name":"Preseli Pembrokeshire","ons_code":"W07000065","mp":null,"signature_count":887},{"name":"Preston","ons_code":"E14000885","mp":null,"signature_count":711},{"name":"Pudsey","ons_code":"E14000886","mp":null,"signature_count":850},{"name":"Putney","ons_code":"E14000887","mp":null,"signature_count":520},{"name":"Rayleigh and Wickford","ons_code":"E14000888","mp":null,"signature_count":1468},{"name":"Reading East","ons_code":"E14000889","mp":null,"signature_count":673},{"name":"Reading West","ons_code":"E14000890","mp":null,"signature_count":815},{"name":"Redcar","ons_code":"E14000891","mp":null,"signature_count":1339},{"name":"Redditch","ons_code":"E14000892","mp":null,"signature_count":1139},{"name":"Reigate","ons_code":"E14000893","mp":null,"signature_count":1068},{"name":"Rhondda","ons_code":"W07000052","mp":null,"signature_count":512},{"name":"Ribble Valley","ons_code":"E14000894","mp":null,"signature_count":1238},{"name":"Richmond (Yorks)","ons_code":"E14000895","mp":null,"signature_count":1455},{"name":"Richmond Park","ons_code":"E14000896","mp":null,"signature_count":767},{"name":"Rochdale","ons_code":"E14000897","mp":null,"signature_count":920},{"name":"Rochester and Strood","ons_code":"E14000898","mp":null,"signature_count":1445},{"name":"Rochford and Southend East","ons_code":"E14000899","mp":null,"signature_count":1263},{"name":"Romford","ons_code":"E14000900","mp":null,"signature_count":1268},{"name":"Romsey and Southampton North","ons_code":"E14000901","mp":null,"signature_count":955},{"name":"Rossendale and Darwen","ons_code":"E14000902","mp":null,"signature_count":1310},{"name":"Rother Valley","ons_code":"E14000903","mp":null,"signature_count":1295},{"name":"Rotherham","ons_code":"E14000904","mp":null,"signature_count":938},{"name":"Rugby","ons_code":"E14000905","mp":null,"signature_count":1152},{"name":"Ruislip, Northwood and Pinner","ons_code":"E14000906","mp":null,"signature_count":791},{"name":"Runnymede and Weybridge","ons_code":"E14000907","mp":null,"signature_count":1090},{"name":"Rushcliffe","ons_code":"E14000908","mp":null,"signature_count":756},{"name":"Rutland and Melton","ons_code":"E14000909","mp":null,"signature_count":1197},{"name":"Saffron Walden","ons_code":"E14000910","mp":null,"signature_count":1308},{"name":"Salford and Eccles","ons_code":"E14000911","mp":null,"signature_count":844},{"name":"Salisbury","ons_code":"E14000912","mp":null,"signature_count":1069},{"name":"Scarborough and Whitby","ons_code":"E14000913","mp":null,"signature_count":1247},{"name":"Scunthorpe","ons_code":"E14000914","mp":null,"signature_count":1079},{"name":"Sedgefield","ons_code":"E14000915","mp":null,"signature_count":1058},{"name":"Sefton Central","ons_code":"E14000916","mp":null,"signature_count":686},{"name":"Selby and Ainsty","ons_code":"E14000917","mp":null,"signature_count":1376},{"name":"Sevenoaks","ons_code":"E14000918","mp":null,"signature_count":1167},{"name":"Sheffield Central","ons_code":"E14000919","mp":null,"signature_count":469},{"name":"Sheffield South East","ons_code":"E14000920","mp":null,"signature_count":1017},{"name":"Sheffield, Brightside and Hillsborough","ons_code":"E14000921","mp":null,"signature_count":834},{"name":"Sheffield, Hallam","ons_code":"E14000922","mp":null,"signature_count":614},{"name":"Sheffield, Heeley","ons_code":"E14000923","mp":null,"signature_count":773},{"name":"Sherwood","ons_code":"E14000924","mp":null,"signature_count":1372},{"name":"Shipley","ons_code":"E14000925","mp":null,"signature_count":1113},{"name":"Shrewsbury and Atcham","ons_code":"E14000926","mp":null,"signature_count":1142},{"name":"Sittingbourne and Sheppey","ons_code":"E14000927","mp":null,"signature_count":1632},{"name":"Skipton and Ripon","ons_code":"E14000928","mp":null,"signature_count":1283},{"name":"Sleaford and North Hykeham","ons_code":"E14000929","mp":null,"signature_count":1794},{"name":"Slough","ons_code":"E14000930","mp":null,"signature_count":581},{"name":"Solihull","ons_code":"E14000931","mp":null,"signature_count":1025},{"name":"Somerton and Frome","ons_code":"E14000932","mp":null,"signature_count":1289},{"name":"South Antrim","ons_code":"N06000014","mp":null,"signature_count":559},{"name":"South Basildon and East Thurrock","ons_code":"E14000933","mp":null,"signature_count":1523},{"name":"South Cambridgeshire","ons_code":"E14000934","mp":null,"signature_count":1038},{"name":"South Derbyshire","ons_code":"E14000935","mp":null,"signature_count":1252},{"name":"South Dorset","ons_code":"E14000936","mp":null,"signature_count":1336},{"name":"South Down","ons_code":"N06000015","mp":null,"signature_count":321},{"name":"South East Cambridgeshire","ons_code":"E14000937","mp":null,"signature_count":1048},{"name":"South East Cornwall","ons_code":"E14000938","mp":null,"signature_count":1523},{"name":"South Holland and The Deepings","ons_code":"E14000939","mp":null,"signature_count":1516},{"name":"South Leicestershire","ons_code":"E14000940","mp":null,"signature_count":1208},{"name":"South Norfolk","ons_code":"E14000941","mp":null,"signature_count":1239},{"name":"South Northamptonshire","ons_code":"E14000942","mp":null,"signature_count":1460},{"name":"South Ribble","ons_code":"E14000943","mp":null,"signature_count":1282},{"name":"South Shields","ons_code":"E14000944","mp":null,"signature_count":963},{"name":"South Staffordshire","ons_code":"E14000945","mp":null,"signature_count":1242},{"name":"South Suffolk","ons_code":"E14000946","mp":null,"signature_count":1203},{"name":"South Swindon","ons_code":"E14000947","mp":null,"signature_count":980},{"name":"South Thanet","ons_code":"E14000948","mp":null,"signature_count":1368},{"name":"South West Bedfordshire","ons_code":"E14000949","mp":null,"signature_count":1170},{"name":"South West Devon","ons_code":"E14000950","mp":null,"signature_count":1322},{"name":"South West Hertfordshire","ons_code":"E14000951","mp":null,"signature_count":1003},{"name":"South West Norfolk","ons_code":"E14000952","mp":null,"signature_count":1550},{"name":"South West Surrey","ons_code":"E14000953","mp":null,"signature_count":987},{"name":"South West Wiltshire","ons_code":"E14000954","mp":null,"signature_count":1297},{"name":"Southampton, Itchen","ons_code":"E14000955","mp":null,"signature_count":1082},{"name":"Southampton, Test","ons_code":"E14000956","mp":null,"signature_count":883},{"name":"Southend West","ons_code":"E14000957","mp":null,"signature_count":1052},{"name":"Southport","ons_code":"E14000958","mp":null,"signature_count":1012},{"name":"Spelthorne","ons_code":"E14000959","mp":null,"signature_count":1122},{"name":"St Albans","ons_code":"E14000960","mp":null,"signature_count":700},{"name":"St Austell and Newquay","ons_code":"E14000961","mp":null,"signature_count":1521},{"name":"St Helens North","ons_code":"E14000962","mp":null,"signature_count":977},{"name":"St Helens South and Whiston","ons_code":"E14000963","mp":null,"signature_count":915},{"name":"St Ives","ons_code":"E14000964","mp":null,"signature_count":1201},{"name":"Stafford","ons_code":"E14000965","mp":null,"signature_count":1140},{"name":"Staffordshire Moorlands","ons_code":"E14000966","mp":null,"signature_count":965},{"name":"Stalybridge and Hyde","ons_code":"E14000967","mp":null,"signature_count":967},{"name":"Stevenage","ons_code":"E14000968","mp":null,"signature_count":974},{"name":"Stockport","ons_code":"E14000969","mp":null,"signature_count":657},{"name":"Stockton North","ons_code":"E14000970","mp":null,"signature_count":1150},{"name":"Stockton South","ons_code":"E14000971","mp":null,"signature_count":1286},{"name":"Stoke-on-Trent Central","ons_code":"E14000972","mp":null,"signature_count":786},{"name":"Stoke-on-Trent North","ons_code":"E14000973","mp":null,"signature_count":1052},{"name":"Stoke-on-Trent South","ons_code":"E14000974","mp":null,"signature_count":1033},{"name":"Stone","ons_code":"E14000975","mp":null,"signature_count":1210},{"name":"Stourbridge","ons_code":"E14000976","mp":null,"signature_count":1030},{"name":"Strangford","ons_code":"N06000016","mp":null,"signature_count":630},{"name":"Stratford-on-Avon","ons_code":"E14000977","mp":null,"signature_count":1062},{"name":"Streatham","ons_code":"E14000978","mp":null,"signature_count":314},{"name":"Stretford and Urmston","ons_code":"E14000979","mp":null,"signature_count":762},{"name":"Stroud","ons_code":"E14000980","mp":null,"signature_count":1143},{"name":"Suffolk Coastal","ons_code":"E14000981","mp":null,"signature_count":1236},{"name":"Sunderland Central","ons_code":"E14000982","mp":null,"signature_count":1058},{"name":"Surrey Heath","ons_code":"E14000983","mp":null,"signature_count":1232},{"name":"Sutton and Cheam","ons_code":"E14000984","mp":null,"signature_count":804},{"name":"Sutton Coldfield","ons_code":"E14000985","mp":null,"signature_count":1037},{"name":"Swansea East","ons_code":"W07000048","mp":null,"signature_count":722},{"name":"Swansea West","ons_code":"W07000047","mp":null,"signature_count":577},{"name":"Tamworth","ons_code":"E14000986","mp":null,"signature_count":1291},{"name":"Tatton","ons_code":"E14000987","mp":null,"signature_count":975},{"name":"Taunton Deane","ons_code":"E14000988","mp":null,"signature_count":1296},{"name":"Telford","ons_code":"E14000989","mp":null,"signature_count":1231},{"name":"Tewkesbury","ons_code":"E14000990","mp":null,"signature_count":1240},{"name":"The Cotswolds","ons_code":"E14000991","mp":null,"signature_count":1169},{"name":"The Wrekin","ons_code":"E14000992","mp":null,"signature_count":1060},{"name":"Thirsk and Malton","ons_code":"E14000993","mp":null,"signature_count":1274},{"name":"Thornbury and Yate","ons_code":"E14000994","mp":null,"signature_count":902},{"name":"Thurrock","ons_code":"E14000995","mp":null,"signature_count":1508},{"name":"Tiverton and Honiton","ons_code":"E14000996","mp":null,"signature_count":1271},{"name":"Tonbridge and Malling","ons_code":"E14000997","mp":null,"signature_count":1167},{"name":"Tooting","ons_code":"E14000998","mp":null,"signature_count":400},{"name":"Torbay","ons_code":"E14000999","mp":null,"signature_count":1471},{"name":"Torfaen","ons_code":"W07000053","mp":null,"signature_count":827},{"name":"Torridge and West Devon","ons_code":"E14001000","mp":null,"signature_count":1445},{"name":"Totnes","ons_code":"E14001001","mp":null,"signature_count":1192},{"name":"Tottenham","ons_code":"E14001002","mp":null,"signature_count":239},{"name":"Truro and Falmouth","ons_code":"E14001003","mp":null,"signature_count":1087},{"name":"Tunbridge Wells","ons_code":"E14001004","mp":null,"signature_count":1021},{"name":"Twickenham","ons_code":"E14001005","mp":null,"signature_count":834},{"name":"Tynemouth","ons_code":"E14001006","mp":null,"signature_count":1046},{"name":"Upper Bann","ons_code":"N06000017","mp":null,"signature_count":691},{"name":"Uxbridge and South Ruislip","ons_code":"E14001007","mp":null,"signature_count":816},{"name":"Vale of Clwyd","ons_code":"W07000060","mp":null,"signature_count":746},{"name":"Vale of Glamorgan","ons_code":"W07000078","mp":null,"signature_count":1029},{"name":"Vauxhall","ons_code":"E14001008","mp":null,"signature_count":361},{"name":"Wakefield","ons_code":"E14001009","mp":null,"signature_count":1128},{"name":"Wallasey","ons_code":"E14001010","mp":null,"signature_count":844},{"name":"Walsall North","ons_code":"E14001011","mp":null,"signature_count":972},{"name":"Walsall South","ons_code":"E14001012","mp":null,"signature_count":662},{"name":"Walthamstow","ons_code":"E14001013","mp":null,"signature_count":309},{"name":"Wansbeck","ons_code":"E14001014","mp":null,"signature_count":957},{"name":"Wantage","ons_code":"E14001015","mp":null,"signature_count":1144},{"name":"Warley","ons_code":"E14001016","mp":null,"signature_count":502},{"name":"Warrington North","ons_code":"E14001017","mp":null,"signature_count":990},{"name":"Warrington South","ons_code":"E14001018","mp":null,"signature_count":1149},{"name":"Warwick and Leamington","ons_code":"E14001019","mp":null,"signature_count":768},{"name":"Washington and Sunderland West","ons_code":"E14001020","mp":null,"signature_count":1052},{"name":"Watford","ons_code":"E14001021","mp":null,"signature_count":858},{"name":"Waveney","ons_code":"E14001022","mp":null,"signature_count":1394},{"name":"Wealden","ons_code":"E14001023","mp":null,"signature_count":1311},{"name":"Weaver Vale","ons_code":"E14001024","mp":null,"signature_count":1003},{"name":"Wellingborough","ons_code":"E14001025","mp":null,"signature_count":1439},{"name":"Wells","ons_code":"E14001026","mp":null,"signature_count":1232},{"name":"Welwyn Hatfield","ons_code":"E14001027","mp":null,"signature_count":937},{"name":"Wentworth and Dearne","ons_code":"E14001028","mp":null,"signature_count":1345},{"name":"West Bromwich East","ons_code":"E14001029","mp":null,"signature_count":598},{"name":"West Bromwich West","ons_code":"E14001030","mp":null,"signature_count":778},{"name":"West Dorset","ons_code":"E14001031","mp":null,"signature_count":1289},{"name":"West Ham","ons_code":"E14001032","mp":null,"signature_count":471},{"name":"West Lancashire","ons_code":"E14001033","mp":null,"signature_count":914},{"name":"West Suffolk","ons_code":"E14001034","mp":null,"signature_count":1321},{"name":"West Tyrone","ons_code":"N06000018","mp":null,"signature_count":183},{"name":"West Worcestershire","ons_code":"E14001035","mp":null,"signature_count":1167},{"name":"Westminster North","ons_code":"E14001036","mp":null,"signature_count":456},{"name":"Westmorland and Lonsdale","ons_code":"E14001037","mp":null,"signature_count":879},{"name":"Weston-super-Mare","ons_code":"E14001038","mp":null,"signature_count":1393},{"name":"Wigan","ons_code":"E14001039","mp":null,"signature_count":1143},{"name":"Wimbledon","ons_code":"E14001040","mp":null,"signature_count":553},{"name":"Winchester","ons_code":"E14001041","mp":null,"signature_count":911},{"name":"Windsor","ons_code":"E14001042","mp":null,"signature_count":1045},{"name":"Wirral South","ons_code":"E14001043","mp":null,"signature_count":699},{"name":"Wirral West","ons_code":"E14001044","mp":null,"signature_count":752},{"name":"Witham","ons_code":"E14001045","mp":null,"signature_count":1221},{"name":"Witney","ons_code":"E14001046","mp":null,"signature_count":1132},{"name":"Woking","ons_code":"E14001047","mp":null,"signature_count":932},{"name":"Wokingham","ons_code":"E14001048","mp":null,"signature_count":996},{"name":"Wolverhampton North East","ons_code":"E14001049","mp":null,"signature_count":784},{"name":"Wolverhampton South East","ons_code":"E14001050","mp":null,"signature_count":565},{"name":"Wolverhampton South West","ons_code":"E14001051","mp":null,"signature_count":563},{"name":"Worcester","ons_code":"E14001052","mp":null,"signature_count":908},{"name":"Workington","ons_code":"E14001053","mp":null,"signature_count":953},{"name":"Worsley and Eccles South","ons_code":"E14001054","mp":null,"signature_count":1003},{"name":"Worthing West","ons_code":"E14001055","mp":null,"signature_count":1119},{"name":"Wrexham","ons_code":"W07000044","mp":null,"signature_count":563},{"name":"Wycombe","ons_code":"E14001056","mp":null,"signature_count":791},{"name":"Wyre and Preston North","ons_code":"E14001057","mp":null,"signature_count":1050},{"name":"Wyre Forest","ons_code":"E14001058","mp":null,"signature_count":1197},{"name":"Wythenshawe and Sale East","ons_code":"E14001059","mp":null,"signature_count":782},{"name":"Yeovil","ons_code":"E14001060","mp":null,"signature_count":1369},{"name":"Ynys Mn","ons_code":"W07000041","mp":null,"signature_count":720},{"name":"York Central","ons_code":"E14001061","mp":null,"signature_count":807},{"name":"York Outer","ons_code":"E14001062","mp":null,"signature_count":936},{"name":"Caithness, Sutherland and Easter Ross","ons_code":"S14000009","mp":null,"signature_count":458},{"name":"Angus","ons_code":"S14000004","mp":null,"signature_count":491},{"name":"Central Ayrshire","ons_code":"S14000010","mp":null,"signature_count":368},{"name":"Argyll and Bute","ons_code":"S14000005","mp":null,"signature_count":611},{"name":"Coatbridge, Chryston and Bellshill","ons_code":"S14000011","mp":null,"signature_count":269},{"name":"Cumbernauld, Kilsyth and Kirkintilloch East","ons_code":"S14000012","mp":null,"signature_count":328},{"name":"Dumfries and Galloway","ons_code":"S14000013","mp":null,"signature_count":643},{"name":"Dumfriesshire, Clydesdale and Tweeddale","ons_code":"S14000014","mp":null,"signature_count":586},{"name":"Dundee East","ons_code":"S14000015","mp":null,"signature_count":343},{"name":"Dundee West","ons_code":"S14000016","mp":null,"signature_count":309},{"name":"Dunfermline and West Fife","ons_code":"S14000017","mp":null,"signature_count":528},{"name":"East Dunbartonshire","ons_code":"S14000018","mp":null,"signature_count":289},{"name":"East Kilbride, Strathaven and Lesmahagow","ons_code":"S14000019","mp":null,"signature_count":388},{"name":"Ayr, Carrick and Cumnock","ons_code":"S14000006","mp":null,"signature_count":492},{"name":"East Lothian","ons_code":"S14000020","mp":null,"signature_count":453},{"name":"East Renfrewshire","ons_code":"S14000021","mp":null,"signature_count":314}